Name,ID,Team,Position,Cost,OfficialFPLSite,theFPLKiwi,FPLReview,Average
Salah,283,LIV,MID,13.0,5.5,6.28,7.38,6.386666666666667
Kane,427,TOT,FWD,11.5,4.5,6.44,6.46,5.800000000000001
Son,428,TOT,MID,12.0,4.2,6.38,6.37,5.6499999999999995
Alexander-Arnold,285,LIV,DEF,7.5,5.5,5.47,5.64,5.536666666666666
De Bruyne,301,MCI,MID,12.0,4.7,4.85,5.0,4.85
Haaland,318,MCI,FWD,11.5,5.0,4.13,5.42,4.85
Robertson,284,LIV,DEF,7.0,5.2,4.41,4.9,4.836666666666666
Alisson,281,LIV,GK,5.5,5.5,4.16,4.27,4.643333333333333
Fernandes,333,MUN,MID,10.0,3.7,5.1,4.91,4.57
Cancelo,306,MCI,DEF,7.0,4.7,4.84,3.87,4.47
Van Dijk,280,LIV,DEF,6.5,4.8,4.0,4.44,4.413333333333334
Luis Díaz,293,LIV,MID,8.0,4.2,3.79,5.12,4.369999999999999
Ederson,307,MCI,GK,5.5,5.0,3.83,3.92,4.25
Lloris,425,TOT,GK,5.5,4.5,4.03,3.97,4.166666666666667
Sterling,304,CHE,MID,10.0,3.7,4.76,4.0,4.153333333333333
James,146,CHE,DEF,6.0,3.5,4.42,4.43,4.116666666666666
Darwin,297,LIV,FWD,9.0,4.5,3.37,4.43,4.1
Wilson,356,NEW,FWD,7.5,2.9,4.41,4.88,4.0633333333333335
Mount,142,CHE,MID,8.0,3.2,4.18,4.78,4.053333333333333
Mahrez,303,MCI,MID,8.0,3.7,3.8,4.26,3.92
Vardy,255,LEI,FWD,9.5,3.2,3.95,4.58,3.91
Matip,276,LIV,DEF,6.0,4.5,3.14,4.01,3.8833333333333333
Chilwell,139,CHE,DEF,6.0,3.5,3.99,4.07,3.8533333333333335
Foden,314,MCI,MID,8.0,3.7,4.19,3.67,3.8533333333333335
Maddison,261,LEI,MID,8.0,2.7,4.11,4.7,3.836666666666667
Dias,312,MCI,DEF,6.0,4.0,3.66,3.8,3.8200000000000003
Pope,376,NEW,GK,5.0,3.6,3.82,3.98,3.8
Jesus,28,ARS,FWD,8.0,3.1,3.89,4.39,3.793333333333333
De Gea,327,MUN,GK,5.0,3.6,3.95,3.76,3.77
Saka,13,ARS,MID,8.0,3.2,3.83,4.2,3.743333333333333
Mendy,147,CHE,GK,5.0,3.6,3.9,3.69,3.7299999999999995
Ramsdale,15,ARS,GK,5.0,3.6,4.07,3.49,3.7199999999999998
Martínez,31,AVL,GK,5.0,3.6,3.94,3.61,3.716666666666667
Saint-Maximin,368,NEW,MID,6.5,2.8,3.97,4.19,3.6533333333333333
Watkins,40,AVL,FWD,7.5,2.9,4.15,3.89,3.646666666666667
Perišić,448,TOT,DEF,5.5,3.1,3.38,4.34,3.6066666666666665
Targett,367,NEW,DEF,5.0,2.8,4.15,3.84,3.5966666666666662
Trippier,357,NEW,DEF,5.0,2.8,3.71,4.25,3.5866666666666664
Schmeichel,248,LEI,GK,5.0,3.1,3.86,3.78,3.58
Laporte,309,MCI,DEF,6.0,4.0,3.14,3.6,3.58
Bamford,227,LEE,FWD,7.5,1.9,4.39,4.44,3.5766666666666667
Kulusevski,446,TOT,MID,8.0,3.2,3.55,3.95,3.5666666666666664
Sancho,340,MUN,MID,7.5,3.0,3.81,3.78,3.53
Sá,478,WOL,GK,5.0,3.6,3.46,3.37,3.4766666666666666
Bruno Guimarães,374,NEW,MID,6.0,2.6,3.84,3.95,3.4633333333333334
Romero,443,TOT,DEF,5.0,2.8,3.78,3.72,3.4333333333333336
Digne,33,AVL,DEF,5.0,2.8,3.87,3.61,3.4266666666666663
Ronaldo,326,MUN,FWD,10.5,4.1,2.4,3.7,3.3999999999999995
Jiménez,476,WOL,FWD,7.0,2.7,3.69,3.7,3.3633333333333333
Coutinho,29,AVL,MID,7.0,2.9,3.43,3.69,3.34
Botman,377,NEW,DEF,4.5,2.3,3.83,3.74,3.29
Toney,80,BRE,FWD,7.0,2.2,3.84,3.8,3.28
Havertz,145,CHE,FWD,8.0,3.1,3.05,3.66,3.27
Bernardo,311,MCI,MID,7.0,3.4,3.65,2.74,3.2633333333333328
Grealish,305,MCI,MID,7.0,3.4,3.11,3.19,3.233333333333333
Zaha,160,CRY,MID,7.0,1.9,3.84,3.94,3.2266666666666666
Thiago Silva,128,CHE,DEF,5.5,3.1,3.09,3.47,3.2199999999999998
Cash,43,AVL,DEF,5.0,2.8,3.55,3.29,3.2133333333333334
Rashford,335,MUN,MID,6.5,2.8,3.36,3.47,3.21
Barnes,264,LEI,MID,7.0,2.4,3.19,3.87,3.1533333333333333
Dier,430,TOT,DEF,5.0,2.8,3.66,2.96,3.1399999999999997
Solanke,66,BOU,FWD,6.0,1.3,3.95,4.14,3.13
Ødegaard,7,ARS,MID,6.5,2.8,3.18,3.39,3.1233333333333335
Fabinho,282,LIV,MID,5.5,3.5,2.63,3.13,3.0866666666666664
Martinelli,19,ARS,MID,6.0,2.6,2.98,3.58,3.0533333333333332
Calvert-Lewin,191,EVE,FWD,8.0,2.1,3.56,3.48,3.046666666666667
Gabriel,16,ARS,DEF,5.0,2.8,3.1,3.21,3.036666666666666
Meslier,238,LEE,GK,4.5,1.7,3.83,3.57,3.033333333333333
Lenglet,513,TOT,DEF,5.0,2.8,2.87,3.41,3.0266666666666664
Diego Carlos,50,AVL,DEF,5.0,2.8,3.01,3.14,2.983333333333333
Rodri,315,MCI,MID,6.0,3.1,2.86,2.98,2.9799999999999995
Henderson,275,LIV,MID,5.5,3.5,2.68,2.57,2.9166666666666665
Tielemans,259,LEI,MID,6.5,2.3,3.2,3.18,2.893333333333333
Sinisterra,508,LEE,MID,6.5,1.8,3.19,3.63,2.8733333333333335
Raya,81,BRE,GK,4.5,2.2,3.14,3.28,2.873333333333333
Martial,345,MUN,FWD,7.0,2.7,3.49,2.41,2.866666666666667
Neto,486,WOL,MID,5.5,2.5,2.65,3.42,2.8566666666666665
Thiago,277,LIV,MID,5.5,3.5,2.16,2.87,2.8433333333333337
Joelinton,371,NEW,MID,6.0,2.6,3.17,2.75,2.84
Bowen,465,WHU,MID,8.5,1.8,3.36,3.25,2.8033333333333332
Travers,72,BOU,GK,4.5,1.7,3.3,3.37,2.79
Tomiyasu,14,ARS,DEF,4.5,2.3,3.15,2.92,2.7899999999999996
Kristensen,244,LEE,DEF,5.0,1.8,3.44,3.07,2.77
McGinn,37,AVL,MID,5.5,2.5,3.18,2.6,2.76
Walker,299,MCI,DEF,5.0,3.3,2.04,2.91,2.75
Neves,480,WOL,MID,5.5,2.5,2.84,2.9,2.7466666666666666
Ings,30,AVL,FWD,7.0,2.7,2.73,2.79,2.7399999999999993
Pickford,182,EVE,GK,4.5,1.7,3.29,3.19,2.7266666666666666
Coady,475,WOL,DEF,5.0,2.8,2.69,2.66,2.716666666666667
Zinchenko,313,ARS,DEF,5.0,2.8,2.71,2.56,2.69
Sánchez,113,BHA,GK,4.5,1.7,3.12,3.25,2.69
Varane,329,MUN,DEF,5.0,2.8,1.99,3.25,2.6799999999999997
Mings,39,AVL,DEF,4.5,2.3,2.6,3.12,2.673333333333333
Doherty,429,TOT,DEF,5.0,2.8,1.5,3.69,2.663333333333333
Firmino,279,LIV,FWD,8.0,4.1,2.48,1.4,2.66
Tierney,8,ARS,DEF,5.0,2.8,3.54,1.64,2.6599999999999997
Fabianski,455,WHU,GK,5.0,2.1,2.78,3.08,2.6533333333333333
Jonny,477,WOL,DEF,4.5,2.3,2.83,2.83,2.6533333333333333
Ramsey,47,AVL,MID,5.5,2.5,2.88,2.57,2.6499999999999995
Ward-Prowse,407,SOU,MID,6.5,1.8,3.2,2.87,2.623333333333333
Trossard,111,BHA,MID,6.5,1.8,3.45,2.61,2.6199999999999997
Maguire,330,MUN,DEF,5.0,2.8,2.52,2.49,2.6033333333333335
Fofana,272,LEI,DEF,4.5,1.8,2.82,3.17,2.5966666666666667
Dalot,342,MUN,DEF,4.5,2.3,2.71,2.78,2.5966666666666662
Bailey,45,AVL,MID,5.0,2.0,3.02,2.73,2.583333333333333
Fred,331,MUN,MID,5.5,2.5,2.92,2.32,2.58
Fraser,359,NEW,MID,5.5,2.5,2.3,2.9,2.5666666666666664
Mbeumo,95,BRE,FWD,6.0,1.8,2.92,2.98,2.5666666666666664
White,10,ARS,DEF,4.5,2.3,3.03,2.35,2.5599999999999996
Awoniyi,397,NFO,FWD,6.0,1.3,3.19,3.19,2.5599999999999996
Henderson,398,NFO,GK,4.5,1.7,2.86,3.1,2.5533333333333332
Llorente,228,LEE,DEF,4.5,1.3,3.26,3.07,2.543333333333333
Werner,137,CHE,FWD,8.0,3.1,2.22,2.3,2.54
Billing,70,BOU,MID,5.5,1.5,2.77,3.35,2.5399999999999996
Anthony,75,BOU,MID,5.5,1.5,2.99,3.11,2.533333333333333
Castagne,258,LEI,DEF,4.5,1.8,2.34,3.35,2.4966666666666666
Moutinho,503,WOL,MID,5.0,2.0,2.77,2.71,2.493333333333333
Davies,432,TOT,DEF,5.0,2.8,2.55,2.12,2.4899999999999998
Johnson,394,NFO,FWD,6.0,1.3,3.01,3.11,2.473333333333333
Shelvey,349,NEW,MID,5.0,2.0,3.09,2.31,2.466666666666667
Adams,411,SOU,FWD,6.5,1.5,3.14,2.76,2.466666666666667
Schär,366,NEW,DEF,4.5,2.3,2.31,2.75,2.453333333333333
Mitrović,210,FUL,FWD,6.5,0.5,3.55,3.2,2.4166666666666665
Gordon,195,EVE,MID,5.5,1.5,2.83,2.92,2.4166666666666665
Nørgaard,79,BRE,MID,5.5,2.0,2.68,2.54,2.4066666666666663
Bentancur,440,TOT,MID,5.5,2.5,2.21,2.51,2.4066666666666663
Eze,169,CRY,MID,5.5,1.5,2.63,3.08,2.4033333333333333
Boly,474,WOL,DEF,4.5,2.3,2.48,2.42,2.3999999999999995
Iheanacho,262,LEI,FWD,6.5,2.0,3.11,2.08,2.3966666666666665
Rodrigo,225,LEE,MID,6.0,1.6,2.12,3.45,2.3899999999999997
Evans,249,LEI,DEF,4.5,1.8,2.45,2.91,2.3866666666666667
Harrison,233,LEE,MID,6.0,1.6,1.95,3.6,2.3833333333333333
Andersen,165,CRY,DEF,4.5,1.3,3.23,2.61,2.38
Buendía,42,AVL,MID,6.0,2.6,2.01,2.48,2.3633333333333333
Gray,189,EVE,MID,5.5,1.5,2.54,3.05,2.3633333333333333
Christie,69,BOU,MID,5.5,1.5,2.74,2.8,2.3466666666666667
Højbjerg,433,TOT,MID,5.5,2.5,2.98,1.51,2.33
Mac Allister,116,BHA,MID,5.5,1.5,2.73,2.75,2.3266666666666667
Guéhi,167,CRY,DEF,4.5,1.3,3.0,2.64,2.313333333333333
Burn,358,NEW,DEF,4.5,2.3,2.93,1.69,2.3066666666666666
McCarthy,401,SOU,GK,4.5,1.7,2.37,2.83,2.3
Aït-Nouri,487,WOL,DEF,4.5,2.3,2.93,1.66,2.296666666666667
Janelt,86,BRE,MID,5.5,2.0,2.43,2.45,2.293333333333333
Guaita,152,CRY,GK,4.5,1.7,2.01,3.17,2.293333333333333
McTominay,338,MUN,MID,5.0,2.0,2.99,1.88,2.29
Xhaka,3,ARS,MID,5.0,2.0,2.51,2.33,2.28
Stones,302,MCI,DEF,5.5,3.6,1.54,1.67,2.27
Shaw,332,MUN,DEF,5.0,2.8,2.96,1.03,2.263333333333333
Antonio,458,WHU,FWD,7.5,1.4,2.46,2.92,2.26
Mateta,168,CRY,FWD,5.5,1.0,2.83,2.92,2.25
Elanga,344,MUN,MID,5.0,2.0,1.65,3.1,2.25
Kelly,73,BOU,DEF,4.5,1.3,2.89,2.55,2.2466666666666666
Welbeck,103,BHA,FWD,6.5,1.5,2.8,2.41,2.2366666666666664
Justin,268,LEI,DEF,4.5,1.8,2.37,2.54,2.2366666666666664
Kanté,134,CHE,MID,5.0,2.0,2.0,2.71,2.2366666666666664
Gündogan,300,MCI,MID,7.5,3.5,1.93,1.25,2.2266666666666666
Wood,354,NEW,FWD,6.0,2.3,3.44,0.92,2.2199999999999998
Dewsbury-Hall,266,LEI,MID,5.0,1.5,2.66,2.48,2.2133333333333334
Willock,373,NEW,MID,5.0,2.0,2.95,1.68,2.21
Kovacic,132,CHE,MID,5.0,2.0,2.33,2.29,2.2066666666666666
Diogo Jota,288,LIV,FWD,9.0,2.2,2.47,1.88,2.183333333333333
A.Doucouré,185,EVE,MID,5.5,1.5,2.55,2.5,2.183333333333333
Wilson,212,FUL,MID,6.0,0.6,3.1,2.83,2.1766666666666667
Cucurella,112,BHA,DEF,5.0,1.8,2.84,1.87,2.17
Jansson,78,BRE,DEF,4.5,1.8,2.36,2.29,2.15
Smith Rowe,12,ARS,MID,6.0,2.6,2.04,1.8,2.1466666666666665
Mitchell,170,CRY,DEF,4.5,1.3,2.69,2.45,2.1466666666666665
Keita,287,LIV,MID,5.0,3.0,1.64,1.79,2.143333333333333
Mepham,71,BOU,DEF,4.5,1.3,2.57,2.54,2.1366666666666667
Hwang,481,WOL,MID,6.0,2.6,1.41,2.4,2.1366666666666667
Soucek,468,WHU,MID,5.5,1.0,2.81,2.51,2.1066666666666665
Dunk,106,BHA,DEF,4.5,1.3,2.69,2.32,2.1033333333333335
Undav,123,BHA,FWD,5.5,1.0,2.5,2.8,2.0999999999999996
Ndidi,265,LEI,MID,5.0,1.5,2.63,2.17,2.0999999999999996
Podence,483,WOL,MID,5.5,2.5,2.39,1.36,2.0833333333333335
Bissouma,444,TOT,MID,5.0,2.0,1.93,2.32,2.083333333333333
Iwobi,186,EVE,MID,5.5,1.5,2.4,2.32,2.0733333333333333
Jorginho,130,CHE,MID,6.0,2.6,1.76,1.85,2.0700000000000003
Kamara,53,AVL,MID,5.0,2.0,1.81,2.39,2.0666666666666664
Wissa,89,BRE,MID,5.5,2.0,1.32,2.88,2.0666666666666664
Rodák,213,FUL,GK,4.5,0.7,2.48,2.99,2.0566666666666666
Aaronson,246,LEE,MID,5.5,1.5,2.6,2.06,2.0533333333333332
Clyne,157,CRY,DEF,4.5,1.3,2.51,2.34,2.05
R.Sessegnon,436,TOT,DEF,4.5,2.3,2.43,1.37,2.033333333333333
Olise,171,CRY,MID,5.5,1.5,1.99,2.6,2.03
Jensen,88,BRE,MID,5.0,1.5,2.17,2.41,2.0266666666666664
Konaté,290,LIV,DEF,5.0,3.8,1.19,0.99,1.9933333333333334
Lucas Moura,431,TOT,MID,6.0,2.6,1.74,1.63,1.9899999999999998
Mykolenko,194,EVE,DEF,4.5,1.3,2.19,2.45,1.98
Lerma,64,BOU,MID,5.0,1.0,2.49,2.43,1.9733333333333332
Elyounoussi,406,SOU,MID,5.5,1.5,2.22,2.15,1.9566666666666666
Fornals,469,WHU,MID,5.5,1.0,2.42,2.4,1.94
Smith,57,BOU,DEF,4.5,1.3,2.69,1.83,1.94
Dendoncker,479,WOL,MID,5.0,2.0,2.24,1.57,1.9366666666666668
Cooper,221,LEE,DEF,4.5,1.3,1.59,2.87,1.92
Webster,108,BHA,DEF,4.5,1.3,2.15,2.24,1.8966666666666667
Hickey,510,BRE,DEF,5.0,2.3,1.91,1.46,1.89
Roca,245,LEE,MID,5.0,1.0,2.54,2.1,1.8800000000000001
Malacia,504,MUN,DEF,4.5,2.3,0.36,2.98,1.88
Adams,506,LEE,MID,5.0,1.0,2.3,2.33,1.8766666666666665
Benrahma,464,WHU,MID,6.0,1.1,2.34,2.15,1.8633333333333333
Álvarez,319,MCI,FWD,6.5,3.0,1.89,0.7,1.8633333333333333
Struijk,235,LEE,DEF,4.5,1.3,1.62,2.67,1.8633333333333333
Ricardo,256,LEI,DEF,4.5,1.8,2.72,1.06,1.8599999999999999
Fredericks,59,BOU,DEF,4.5,1.3,2.05,2.22,1.8566666666666667
Cook,67,BOU,MID,5.0,1.0,2.24,2.32,1.8533333333333335
Veltman,109,BHA,DEF,4.5,1.3,2.43,1.82,1.85
Gibbs-White,493,WOL,MID,5.5,2.5,2.86,0.17,1.843333333333333
Maupay,110,BHA,FWD,6.5,1.5,2.56,1.44,1.8333333333333333
A.Armstrong,408,SOU,FWD,5.5,1.0,2.24,2.24,1.8266666666666667
Eriksen,519,MUN,MID,6.5,2.8,1.77,0.91,1.8266666666666667
Lanzini,460,WHU,MID,5.5,1.0,2.2,2.24,1.8133333333333335
Ayew,159,CRY,MID,5.5,1.5,2.06,1.87,1.8099999999999998
S.Armstrong,405,SOU,MID,5.0,1.0,2.25,2.15,1.8
Pulisic,140,CHE,MID,6.0,2.6,1.81,0.96,1.79
Romeu,402,SOU,MID,5.0,1.0,2.15,2.2,1.7833333333333332
Pinnock,92,BRE,DEF,4.5,0.5,2.61,2.2,1.77
Caicedo,120,BHA,MID,5.0,1.0,2.0,2.31,1.77
Mwepu,118,BHA,MID,5.5,1.5,1.48,2.32,1.7666666666666666
Almirón,369,NEW,MID,5.0,2.0,0.64,2.63,1.7566666666666664
Henry,85,BRE,DEF,4.5,1.8,1.19,2.27,1.7533333333333332
Worrall,388,NFO,DEF,4.5,1.3,2.2,1.75,1.75
Cresswell,457,WHU,DEF,5.0,1.3,2.09,1.82,1.7366666666666666
Adama,491,WOL,MID,5.5,2.5,1.73,0.91,1.7133333333333334
Rice,467,WHU,MID,5.0,0.5,2.33,2.29,1.7066666666666666
Schlupp,161,CRY,MID,5.0,1.0,2.04,2.07,1.7033333333333331
Redmond,403,SOU,MID,5.5,1.5,1.83,1.77,1.6999999999999997
Nketiah,11,ARS,FWD,7.0,2.7,1.22,1.16,1.6933333333333334
Lamptey,114,BHA,DEF,4.5,1.3,1.74,1.99,1.6766666666666667
McKenna,385,NFO,DEF,4.5,1.3,2.2,1.53,1.6766666666666667
N.Williams,295,NFO,DEF,4.0,0.5,2.21,2.29,1.6666666666666665
Gross,104,BHA,MID,5.5,1.5,1.31,2.16,1.6566666666666667
Zemura,76,BOU,DEF,4.5,1.3,2.01,1.65,1.6533333333333329
Tarkowski,199,EVE,DEF,4.5,1.3,1.49,2.16,1.65
McArthur,154,CRY,MID,5.0,1.0,2.12,1.83,1.65
Kilman,484,WOL,DEF,4.5,2.3,1.32,1.29,1.6366666666666667
Daka,271,LEI,FWD,6.0,1.8,2.31,0.77,1.626666666666667
Ziyech,135,CHE,MID,6.0,2.6,1.35,0.89,1.6133333333333333
Elliott,294,LIV,MID,5.0,3.0,0.86,0.96,1.6066666666666667
Walker-Peters,409,SOU,DEF,4.5,1.3,1.76,1.74,1.5999999999999999
Azpilicueta,127,CHE,DEF,5.0,2.8,0.28,1.71,1.5966666666666667
Carvalho,296,LIV,MID,5.5,3.5,0.98,0.28,1.586666666666667
Collins,516,WOL,DEF,4.5,2.3,1.35,1.11,1.5866666666666664
Douglas Luiz,46,AVL,MID,5.0,2.0,1.94,0.82,1.5866666666666664
Chalobah,141,CHE,DEF,5.0,2.8,0.85,1.06,1.5699999999999998
Saliba,26,ARS,DEF,4.5,2.3,1.47,0.94,1.5699999999999996
Fábio Vieira,25,ARS,MID,6.0,2.6,1.56,0.53,1.5633333333333335
Colback,381,NFO,MID,4.5,0.5,1.92,2.25,1.5566666666666666
Phillips,325,MCI,MID,5.0,2.5,0.73,1.42,1.55
Aké,308,MCI,DEF,5.0,3.3,0.57,0.78,1.5499999999999998
Wan-Bissaka,341,MUN,DEF,4.5,2.3,1.51,0.81,1.5399999999999996
Emerson Royal,445,TOT,DEF,5.0,2.8,1.2,0.58,1.5266666666666666
Partey,6,ARS,MID,5.0,2.0,0.65,1.89,1.5133333333333332
Söyüncü,267,LEI,DEF,4.5,1.8,2.02,0.69,1.5033333333333332
Edouard,166,CRY,FWD,5.5,1.0,1.5,1.88,1.46
Dele,181,EVE,MID,5.5,1.5,1.52,1.36,1.46
Lewis-Potter,515,BRE,MID,5.5,2.0,2.21,0.14,1.4499999999999997
De Cordova-Reid,205,FUL,MID,5.5,0.5,2.15,1.67,1.44
Biancone,399,NFO,DEF,4.5,1.3,2.11,0.89,1.4333333333333331
Zouma,461,WHU,DEF,4.5,0.8,1.68,1.76,1.4133333333333333
Bednarek,410,SOU,DEF,4.5,1.3,1.67,1.27,1.4133333333333333
Tsimikas,292,LIV,DEF,4.5,3.3,0.64,0.28,1.4066666666666665
Telles,334,MUN,DEF,5.0,2.8,1.18,0.2,1.393333333333333
Coufal,463,WHU,DEF,4.5,0.8,1.61,1.77,1.393333333333333
Andreas,346,FUL,MID,4.5,-0.5,2.16,2.49,1.3833333333333333
Allan,183,EVE,MID,5.0,1.0,1.63,1.48,1.3699999999999997
Gallagher,148,CHE,MID,6.0,2.6,1.07,0.39,1.353333333333333
Kebano,204,FUL,MID,5.5,0.5,2.35,1.17,1.3399999999999999
Van de Beek,336,MUN,MID,5.5,2.5,0.82,0.67,1.3299999999999998
Jones,291,LIV,MID,5.0,3.0,0.34,0.63,1.3233333333333333
Hudson-Odoi,144,CHE,MID,5.5,2.5,1.06,0.4,1.3199999999999998
Cook,379,NFO,DEF,4.5,1.3,1.62,1.03,1.3166666666666667
Lowe,61,BOU,MID,5.5,1.5,1.56,0.86,1.3066666666666666
Keane,180,EVE,DEF,4.5,1.3,2.18,0.43,1.3033333333333335
Pépé,9,ARS,MID,5.5,2.5,0.92,0.49,1.3033333333333332
March,107,BHA,MID,5.0,1.0,1.09,1.8,1.2966666666666664
Mina,188,EVE,DEF,4.5,1.3,0.51,2.05,1.2866666666666666
Roerslev,90,BRE,DEF,4.5,1.8,0.67,1.38,1.2833333333333332
Aguerd,472,WHU,DEF,5.0,1.3,0.9,1.63,1.2766666666666666
Palhinha,220,FUL,MID,5.0,0.0,1.77,2.06,1.2766666666666666
Brooks,60,BOU,MID,5.5,1.5,2.14,0.17,1.27
Milner,274,LIV,MID,4.5,2.5,0.9,0.36,1.2533333333333332
Salisu,420,SOU,DEF,4.5,1.3,0.93,1.53,1.2533333333333332
Murphy,365,NEW,MID,4.5,1.5,1.33,0.92,1.25
Davies,190,EVE,MID,5.0,1.0,1.69,1.03,1.2399999999999998
Hughes,163,CRY,MID,5.0,1.0,0.82,1.88,1.2333333333333332
Sarr,143,CHE,DEF,5.0,2.8,0.57,0.3,1.2233333333333332
Alonso,129,CHE,DEF,5.5,3.1,0.33,0.23,1.22
Yates,387,NFO,MID,5.0,0.3,2.6,0.74,1.2133333333333332
Cairney,200,FUL,MID,5.0,0.0,1.95,1.68,1.21
Chamberlain,278,LIV,MID,5.0,3.0,0.1,0.51,1.2033333333333334
Thomas,270,LEI,DEF,4.5,1.8,1.23,0.55,1.1933333333333334
Gomez,286,LIV,DEF,4.5,3.3,0.16,0.11,1.19
Godfrey,193,EVE,DEF,4.5,1.3,1.82,0.43,1.1833333333333333
Tella,412,SOU,MID,5.0,1.0,1.37,1.14,1.17
Klich,223,LEE,MID,5.0,1.0,0.74,1.75,1.1633333333333333
Gelhardt,242,LEE,FWD,5.5,1.0,1.66,0.81,1.1566666666666667
Chambers,32,AVL,DEF,4.5,2.3,0.59,0.56,1.15
Dawson,459,WHU,DEF,5.0,1.3,1.85,0.28,1.1433333333333335
Holgate,192,EVE,DEF,4.5,1.3,0.26,1.87,1.1433333333333333
Perraud,417,SOU,DEF,4.5,1.3,0.53,1.6,1.1433333333333333
Onyeka,93,BRE,MID,5.0,1.5,1.23,0.7,1.143333333333333
Lolley,384,NFO,MID,5.0,1.0,0.1,2.32,1.14
Pérez,260,LEI,MID,5.0,1.5,0.43,1.47,1.1333333333333333
Dubravka,355,NEW,GK,4.5,2.7,0.6,0.06,1.12
Konsa,44,AVL,DEF,4.5,2.3,1.06,0.0,1.1199999999999999
Tosin,209,FUL,DEF,4.5,0.3,1.76,1.29,1.1166666666666667
Koch,230,LEE,DEF,4.5,1.3,0.9,1.14,1.1133333333333333
Niakhaté,507,NFO,DEF,4.5,1.3,0.08,1.94,1.1066666666666667
Coleman,178,EVE,DEF,4.5,0.7,1.4,1.22,1.1066666666666665
Johnstone,175,CRY,GK,4.5,1.7,1.36,0.23,1.0966666666666667
Albrighton,251,LEI,MID,5.0,1.5,1.04,0.72,1.0866666666666664
Lascelles,360,NEW,DEF,4.5,2.3,0.35,0.58,1.0766666666666667
Amartey,257,LEI,DEF,4.5,1.8,0.53,0.89,1.0733333333333333
Loftus-Cheek,136,CHE,MID,5.0,2.0,0.56,0.63,1.0633333333333332
Sánchez,435,TOT,DEF,4.5,2.3,0.19,0.68,1.0566666666666666
Reed,211,FUL,MID,4.5,-0.5,1.79,1.86,1.05
Reguilón,438,TOT,DEF,4.5,2.3,0.72,0.13,1.0499999999999998
Ream,201,FUL,DEF,4.5,0.3,1.61,1.23,1.0466666666666666
Surridge,391,NFO,FWD,5.0,0.8,0.99,1.28,1.0233333333333334
Cafú,383,NFO,MID,4.5,0.5,0.28,2.28,1.0199999999999998
Cédric,1,ARS,DEF,4.5,2.3,0.41,0.34,1.0166666666666666
Semedo,482,WOL,DEF,5.0,1.4,0.0,1.6,1.0
Holding,5,ARS,DEF,4.5,2.3,0.33,0.35,0.9933333333333333
Moore,62,BOU,FWD,5.5,1.0,1.58,0.4,0.9933333333333333
Traoré,34,AVL,MID,5.0,2.0,0.18,0.76,0.9800000000000001
Toti,489,WOL,DEF,4.0,1.5,0.62,0.81,0.9766666666666667
Ward,156,CRY,DEF,4.5,1.3,1.19,0.43,0.9733333333333334
Aribo,512,SOU,MID,5.5,1.5,1.4,0.02,0.9733333333333333
C.Doucouré,514,CRY,MID,5.0,1.0,1.87,0.04,0.97
Lewis,372,NEW,DEF,4.5,2.3,0.33,0.27,0.9666666666666666
Leno,2,ARS,GK,4.5,2.7,0.04,0.14,0.9600000000000001
Arrizabalaga,133,CHE,GK,4.5,2.7,0.13,0.04,0.9566666666666667
Lallana,101,BHA,MID,5.0,1.0,1.05,0.81,0.9533333333333333
Lyanco,413,SOU,DEF,4.5,1.3,0.64,0.91,0.95
Richarlison,454,TOT,FWD,8.5,0.0,2.81,0.0,0.9366666666666666
Tavares,17,ARS,DEF,4.5,2.3,0.23,0.28,0.9366666666666665
Elneny,4,ARS,MID,4.5,1.5,0.28,1.01,0.9299999999999999
Robinson,217,FUL,DEF,4.5,0.3,1.56,0.93,0.9299999999999999
Manquillo,363,NEW,DEF,4.5,2.3,0.21,0.26,0.9233333333333331
Ghoddos,87,BRE,MID,5.0,1.5,0.42,0.82,0.9133333333333332
Dasilva,83,BRE,MID,4.5,1.0,0.32,1.39,0.9033333333333333
S.Longstaff,370,NEW,MID,4.5,1.5,0.65,0.55,0.9
Skipp,441,TOT,MID,4.5,1.5,0.36,0.84,0.8999999999999999
Krafth,364,NEW,DEF,4.5,2.3,0.11,0.29,0.8999999999999999
Ramsay,298,LIV,DEF,4.0,2.5,0.17,0.03,0.8999999999999999
Bech,91,BRE,DEF,4.5,1.8,0.04,0.85,0.8966666666666666
Lindelöf,337,MUN,DEF,4.5,2.3,0.08,0.3,0.8933333333333332
Broja,150,CHE,FWD,5.5,2.0,0.21,0.46,0.8899999999999999
Ampadu,151,CHE,DEF,4.5,2.3,0.35,0.02,0.8899999999999999
Kelleher,289,LIV,GK,4.0,2.5,0.1,0.06,0.8866666666666667
Cundle,485,WOL,MID,4.5,1.5,0.32,0.81,0.8766666666666666
Ritchie,350,NEW,DEF,4.5,2.3,0.25,0.07,0.8733333333333332
Xande Silva,390,NFO,MID,5.0,1.0,0.23,1.38,0.8699999999999999
Phillips,501,LIV,DEF,4.0,2.5,0.08,0.0,0.86
Vlasic,466,WHU,MID,5.0,0.5,0.6,1.45,0.8499999999999999
Townsend,179,EVE,MID,5.5,0.0,2.23,0.31,0.8466666666666667
Hause,38,AVL,DEF,4.5,2.3,0.08,0.14,0.84
Adrián,497,LIV,GK,4.0,2.5,0.01,0.0,0.8366666666666666
Van den Berg,500,LIV,DEF,4.0,2.5,0.0,0.0,0.8333333333333333
Bella-Kotchap,423,SOU,DEF,4.5,1.3,0.89,0.28,0.8233333333333333
Maitland-Niles,21,ARS,MID,5.0,2.0,0.25,0.2,0.8166666666666667
Davis,52,AVL,FWD,5.5,2.0,0.2,0.25,0.8166666666666667
Duffy,105,BHA,DEF,4.5,1.3,0.65,0.46,0.8033333333333333
Fernández,351,NEW,DEF,4.5,2.3,0.01,0.1,0.8033333333333332
Pablo Marí,20,ARS,DEF,4.5,2.3,0.04,0.0,0.7799999999999999
Tete,215,FUL,DEF,4.5,0.3,0.63,1.4,0.7766666666666666
Delap,323,MCI,FWD,4.5,2.0,0.0,0.33,0.7766666666666666
Palmer,316,MCI,MID,4.5,2.0,0.0,0.31,0.77
Strakosha,517,BRE,GK,4.5,2.2,0.1,0.01,0.77
Benteke,155,CRY,FWD,5.5,1.0,0.55,0.76,0.77
Patterson,197,EVE,DEF,4.0,0.5,1.7,0.07,0.7566666666666666
Mendy,252,LEI,MID,4.5,1.0,0.35,0.91,0.7533333333333334
Barkley,131,CHE,MID,5.0,2.0,0.18,0.05,0.7433333333333333
Milivojevic,158,CRY,MID,4.5,0.5,0.77,0.93,0.7333333333333334
Dembélé,74,BOU,MID,5.0,1.0,0.26,0.92,0.7266666666666667
El Ghazi,51,AVL,MID,5.0,2.0,0.18,0.0,0.7266666666666667
André Gomes,184,EVE,MID,4.5,0.5,0.23,1.44,0.7233333333333333
Ortega,324,MCI,GK,4.0,2.0,0.13,0.0,0.71
Johnson,471,WHU,DEF,4.5,0.8,0.76,0.57,0.71
McAtee,317,MCI,MID,4.5,2.0,0.0,0.12,0.7066666666666667
Rothwell,505,BOU,MID,5.0,1.0,0.15,0.97,0.7066666666666667
James,231,LEE,MID,6.0,0.0,2.11,0.0,0.7033333333333333
Gilmour,149,CHE,MID,4.5,1.5,0.5,0.1,0.7
Ajer,84,BRE,DEF,4.5,0.0,1.89,0.2,0.6966666666666665
Ayling,222,LEE,DEF,4.5,0.3,1.23,0.54,0.6900000000000001
Wilson-Esbrand,322,MCI,DEF,4.0,2.0,0.0,0.07,0.69
Canós,82,BRE,DEF,5.0,0.0,2.06,0.0,0.6866666666666666
Nelson,23,ARS,MID,5.0,2.0,0.05,0.01,0.6866666666666665
Marquinhos,27,ARS,MID,5.0,2.0,0.05,0.0,0.6833333333333332
Ojeda,396,NFO,MID,4.5,0.5,0.07,1.47,0.6799999999999999
Mbete,320,MCI,DEF,4.0,2.0,0.0,0.02,0.6733333333333333
Nakamba,41,AVL,MID,4.5,1.5,0.31,0.2,0.67
Walcott,400,SOU,MID,5.0,1.0,0.37,0.64,0.67
Carson,502,MCI,GK,4.0,2.0,0.01,0.0,0.6699999999999999
Sambi,18,ARS,MID,4.5,1.5,0.24,0.25,0.6633333333333333
Bazunu,422,SOU,GK,4.5,1.7,0.05,0.23,0.6599999999999999
Butland,162,CRY,GK,4.5,1.7,0.23,0.03,0.6533333333333333
Dallas,226,LEE,DEF,5.0,0.0,1.96,0.0,0.6533333333333333
Sanson,36,AVL,MID,4.5,1.5,0.09,0.35,0.6466666666666666
B.Williams,343,MUN,DEF,4.0,1.5,0.1,0.32,0.64
Marcondes,63,BOU,MID,5.0,1.0,0.27,0.64,0.6366666666666667
Enciso,125,BHA,FWD,5.0,0.8,0.35,0.75,0.6333333333333333
Forshaw,224,LEE,MID,4.5,0.5,1.01,0.31,0.6066666666666667
Djenepo,418,SOU,MID,5.0,1.0,0.54,0.27,0.6033333333333333
Kenedy,138,CHE,DEF,4.0,1.5,0.2,0.07,0.59
Chukwuemeka,48,AVL,MID,4.5,1.5,0.09,0.17,0.5866666666666667
Archer,54,AVL,FWD,4.5,1.5,0.09,0.16,0.5833333333333333
Guilbert,56,AVL,DEF,4.0,1.5,0.08,0.16,0.58
Livramento,419,SOU,DEF,4.5,0.0,1.73,0.0,0.5766666666666667
Sarr,450,TOT,MID,4.5,1.5,0.23,0.0,0.5766666666666667
Arter,378,NFO,MID,4.5,0.5,0.07,1.13,0.5666666666666667
Winks,434,TOT,MID,4.5,1.5,0.15,0.04,0.5633333333333332
Baptiste,94,BRE,MID,4.5,1.0,0.23,0.44,0.5566666666666666
Laryea,392,NFO,DEF,4.5,1.3,0.08,0.28,0.5533333333333333
Stacey,65,BOU,DEF,4.5,1.3,0.14,0.22,0.5533333333333332
Forster,426,TOT,GK,4.0,1.5,0.08,0.07,0.55
Taylor,380,NFO,FWD,4.5,0.5,1.0,0.15,0.5499999999999999
Firpo,239,LEE,DEF,4.5,0.0,1.62,0.0,0.54
Scarlett,447,TOT,FWD,4.5,1.5,0.0,0.12,0.54
Mosquera,494,WOL,DEF,4.0,1.5,0.08,0.03,0.5366666666666666
Bailly,339,MUN,DEF,4.0,1.5,0.01,0.1,0.5366666666666666
Heaton,348,MUN,GK,4.0,1.5,0.08,0.03,0.5366666666666666
Šarkić,492,WOL,GK,4.0,1.5,0.07,0.04,0.5366666666666666
Dummett,362,NEW,DEF,4.0,1.5,0.08,0.02,0.5333333333333333
Olsen,35,AVL,GK,4.0,1.5,0.08,0.02,0.5333333333333333
Turner,24,ARS,GK,4.0,1.5,0.09,0.0,0.53
Stephens,404,SOU,DEF,4.5,1.3,0.12,0.17,0.5299999999999999
Pellistri,347,MUN,MID,4.5,1.5,0.0,0.08,0.5266666666666666
Diallo,416,SOU,MID,4.5,0.5,0.58,0.49,0.5233333333333333
Torreira,22,ARS,MID,4.5,1.5,0.05,0.02,0.5233333333333333
Iroegbunam,49,AVL,MID,4.5,1.5,0.02,0.04,0.52
Philogene-Bidace,55,AVL,MID,4.5,1.5,0.02,0.03,0.5166666666666666
Bryan,206,FUL,DEF,4.5,0.3,0.47,0.77,0.5133333333333333
Tanganga,439,TOT,DEF,4.0,1.5,0.01,0.02,0.51
Rodon,442,TOT,DEF,4.0,1.5,0.01,0.01,0.5066666666666666
Jones,328,MUN,DEF,4.0,1.5,0.01,0.0,0.5033333333333333
Austin,451,TOT,GK,4.0,1.5,0.01,0.0,0.5033333333333333
Devine,452,TOT,MID,4.5,1.5,0.0,0.0,0.5
Moder,117,BHA,MID,4.5,0.0,1.5,0.0,0.5
White,449,TOT,MID,4.5,1.5,0.0,0.0,0.5
Darlow,353,NEW,GK,4.0,1.5,0.0,0.0,0.5
Soumaré,269,LEI,MID,4.5,1.0,0.25,0.2,0.4833333333333333
Mighten,395,NFO,MID,5.0,1.0,0.22,0.23,0.4833333333333333
Stanislas,58,BOU,MID,5.0,1.0,0.17,0.25,0.4733333333333333
Mbe Soh,393,NFO,DEF,4.5,1.3,0.08,0.02,0.4666666666666667
Ebiowei,173,CRY,MID,4.5,0.5,0.8,0.05,0.45
Masuaku,462,WHU,DEF,4.5,0.8,0.28,0.26,0.44666666666666666
Forss,97,BRE,FWD,4.5,1.0,0.16,0.16,0.43999999999999995
Mitoma,124,BHA,MID,5.0,1.0,0.3,0.0,0.43333333333333335
Areola,473,WHU,GK,4.5,1.2,0.06,0.04,0.43333333333333335
Cavaleiro,214,FUL,MID,5.0,0.0,0.57,0.71,0.4266666666666666
Ogbonna,456,WHU,DEF,4.5,0.8,0.0,0.46,0.42
Ferguson,174,CRY,DEF,4.0,0.5,0.24,0.47,0.4033333333333333
Riedewald,164,CRY,MID,4.5,0.5,0.41,0.25,0.3866666666666666
Pearson,68,BOU,MID,4.5,0.5,0.02,0.61,0.3766666666666666
Ward,254,LEI,GK,4.0,1.0,0.08,0.04,0.37333333333333335
Vestergaard,253,LEI,DEF,4.0,1.0,0.08,0.02,0.3666666666666667
Choudhury,263,LEI,MID,4.5,1.0,0.04,0.03,0.3566666666666667
Goode,96,BRE,DEF,4.0,1.0,0.0,0.07,0.3566666666666667
Valery,414,SOU,DEF,4.0,0.5,0.06,0.49,0.35
Balcombe,100,BRE,GK,4.0,1.0,0.01,0.02,0.3433333333333333
Chiquinho,490,WOL,MID,5.0,0.0,1.03,0.0,0.3433333333333333
Brunt,273,LEI,DEF,4.0,1.0,0.0,0.01,0.33666666666666667
Alzate,115,BHA,MID,4.5,0.5,0.16,0.33,0.32999999999999996
Greenwood,237,LEE,FWD,4.5,0.5,0.16,0.29,0.31666666666666665
Tomkins,153,CRY,DEF,4.0,0.5,0.14,0.28,0.30666666666666664
Hjelde,243,LEE,DEF,4.0,0.5,0.0,0.39,0.29666666666666663
Muniz,218,FUL,FWD,5.5,0.0,0.51,0.38,0.29666666666666663
Bate,241,LEE,MID,4.5,0.5,0.35,0.01,0.2866666666666666
Summerville,240,LEE,MID,4.5,0.5,0.04,0.31,0.2833333333333333
Diop,470,WHU,DEF,4.5,0.8,0.0,0.05,0.2833333333333333
Rak-Sakyi,172,CRY,MID,4.5,0.5,0.04,0.25,0.2633333333333333
Gbamin,187,EVE,MID,4.5,0.5,0.16,0.11,0.25666666666666665
Plange,496,CRY,FWD,4.5,0.5,0.26,0.0,0.2533333333333333
Nkounkou,198,EVE,DEF,4.0,0.5,0.05,0.19,0.24666666666666665
Hennessey,518,NFO,GK,4.0,0.5,0.06,0.16,0.24000000000000002
Lavia,321,SOU,MID,4.5,0.5,0.0,0.17,0.22333333333333333
Chalobah,203,FUL,MID,4.5,-0.5,0.51,0.66,0.22333333333333333
Dennis,77,BOU,GK,4.0,0.5,0.11,0.03,0.21333333333333332
Begović,176,EVE,GK,4.0,0.5,0.08,0.06,0.2133333333333333
Klaesson,236,LEE,GK,4.0,0.5,0.07,0.06,0.21000000000000002
Kozłowski,126,BHA,MID,4.5,0.5,0.04,0.02,0.18666666666666668
Steele,102,BHA,GK,4.0,0.5,0.03,0.02,0.18333333333333335
Gyabi,247,LEE,MID,4.5,0.5,0.04,0.01,0.18333333333333335
Sarmiento,119,BHA,MID,4.5,0.5,0.04,0.0,0.18
Dräger,386,NFO,DEF,4.0,0.5,0.0,0.01,0.16999999999999998
Caballero,424,SOU,GK,4.0,0.5,0.0,0.0,0.16666666666666666
Matthews,495,CRY,GK,4.0,0.5,0.0,0.0,0.16666666666666666
Lis,421,SOU,GK,4.0,0.5,0.0,0.0,0.16666666666666666
Rondón,177,EVE,FWD,5.0,0.0,0.26,0.0,0.08666666666666667
Knockaert,202,FUL,MID,5.0,0.0,0.04,0.2,0.08
Downes,509,WHU,MID,4.5,0.0,0.0,0.19,0.06333333333333332
Parrott,453,TOT,FWD,4.5,0.0,0.0,0.11,0.03666666666666667
Bertrand,250,LEI,DEF,4.0,0.0,0.04,0.07,0.03666666666666667
Richards,511,NFO,DEF,4.5,0.0,0.08,0.01,0.03
Branthwaite,196,EVE,DEF,4.0,0.0,0.06,0.0,0.019999999999999997
Bidstrup,99,BRE,MID,4.5,0.0,0.04,0.0,0.013333333333333332
Richards,121,BHA,MID,4.5,0.0,0.04,0.0,0.013333333333333332
Thompson,98,BRE,DEF,4.0,0.0,0.0,0.02,0.006666666666666666
Onomah,216,FUL,MID,4.5,-0.5,0.31,0.18,-0.003333333333333336
Kongolo,208,FUL,DEF,4.0,-0.5,0.24,0.2,-0.019999999999999997
Gazzaniga,207,FUL,GK,4.0,-0.5,0.08,0.06,-0.12
Stansfield,219,FUL,FWD,4.5,-0.5,0.0,0.0,-0.16666666666666666
Augustinsson,525,AVL,DEF,4.5,2.3,0.08,,
Mee,526,BRE,DEF,4.5,1.8,1.64,,
Roberts,122,BHA,DEF,4.0,0.0,,,
Koulibaly,520,CHE,DEF,5.5,3.1,3.62,,
Francois,521,FUL,MID,4.5,-0.5,0.04,,
Roberts,229,LEE,MID,5.0,0.0,,,
Raphinha,232,LEE,MID,7.0,0.0,,,
Shackleton,234,LEE,MID,4.5,0.0,,,
R.Williams,498,LIV,DEF,4.0,0.0,,,
Davies,499,LIV,DEF,4.0,0.0,,,
Steffen,310,MCI,GK,4.0,0.0,,,
Clark,352,NEW,DEF,4.5,0.0,,,
Gayle,361,NEW,FWD,4.5,0.0,,,
Hendrick,375,NEW,MID,4.5,0.0,,,
Samba,382,NFO,GK,4.5,0.0,,,
Panzo,389,NFO,DEF,4.0,0.0,,,
Toffolo,523,NFO,DEF,4.5,1.3,2.42,,
O'Brien,524,NFO,MID,5.0,1.0,1.88,,
Lingard,527,NFO,MID,6.0,1.6,3.0,,
Smallbone,415,SOU,MID,4.5,0.5,,,
Bergwijn,437,TOT,MID,5.5,0.0,,,
Spence,522,TOT,DEF,4.5,2.3,0.1,,
Fabio Silva,488,WOL,FWD,5.5,0.0,,,
